{
  "Total" : {
    "transaction" : "Total",
    "sampleCount" : 1400,
    "errorCount" : 0,
    "errorPct" : 0.0,
    "meanResTime" : 13074.412142857136,
    "medianResTime" : 8604.5,
    "minResTime" : 170.0,
    "maxResTime" : 120519.0,
    "pct1ResTime" : 31365.8,
    "pct2ResTime" : 42283.15000000001,
    "pct3ResTime" : 61970.520000000004,
    "throughput" : 11.215073058190207,
    "receivedKBytesPerSec" : 801.2612701470778,
    "sentKBytesPerSec" : 1.9401075044860294
  },
  "Merchant Corner" : {
    "transaction" : "Merchant Corner",
    "sampleCount" : 200,
    "errorCount" : 0,
    "errorPct" : 0.0,
    "meanResTime" : 19805.81000000001,
    "medianResTime" : 15564.5,
    "minResTime" : 1189.0,
    "maxResTime" : 120519.0,
    "pct1ResTime" : 37757.1,
    "pct2ResTime" : 49393.34999999999,
    "pct3ResTime" : 112532.90000000002,
    "throughput" : 1.6591314446887055,
    "receivedKBytesPerSec" : 82.45429611348459,
    "sentKBytesPerSec" : 0.2073914305860882
  },
  "Refund Policy-0" : {
    "transaction" : "Refund Policy-0",
    "sampleCount" : 200,
    "errorCount" : 0,
    "errorPct" : 0.0,
    "meanResTime" : 368.37000000000006,
    "medianResTime" : 215.5,
    "minResTime" : 170.0,
    "maxResTime" : 2135.0,
    "pct1ResTime" : 790.1,
    "pct2ResTime" : 908.1499999999999,
    "pct3ResTime" : 1998.9700000000046,
    "throughput" : 1.7749693817781644,
    "receivedKBytesPerSec" : 0.6222793047444932,
    "sentKBytesPerSec" : 0.23400475248051972
  },
  "Refund Policy-1" : {
    "transaction" : "Refund Policy-1",
    "sampleCount" : 200,
    "errorCount" : 0,
    "errorPct" : 0.0,
    "meanResTime" : 9832.139999999994,
    "medianResTime" : 8093.0,
    "minResTime" : 692.0,
    "maxResTime" : 36929.0,
    "pct1ResTime" : 20998.5,
    "pct2ResTime" : 25059.949999999997,
    "pct3ResTime" : 33954.660000000025,
    "throughput" : 1.7539859330328171,
    "receivedKBytesPerSec" : 191.24613026853524,
    "sentKBytesPerSec" : 0.2380898873941031
  },
  "Complain & Suggestion-1" : {
    "transaction" : "Complain & Suggestion-1",
    "sampleCount" : 200,
    "errorCount" : 0,
    "errorPct" : 0.0,
    "meanResTime" : 24766.745000000006,
    "medianResTime" : 23003.5,
    "minResTime" : 1586.0,
    "maxResTime" : 76492.0,
    "pct1ResTime" : 48264.4,
    "pct2ResTime" : 52162.299999999996,
    "pct3ResTime" : 75229.71000000004,
    "throughput" : 1.6517186132170523,
    "receivedKBytesPerSec" : 190.72188361990652,
    "sentKBytesPerSec" : 0.23065992352542822
  },
  "Complain & Suggestion" : {
    "transaction" : "Complain & Suggestion",
    "sampleCount" : 200,
    "errorCount" : 0,
    "errorPct" : 0.0,
    "meanResTime" : 25657.565000000002,
    "medianResTime" : 23898.0,
    "minResTime" : 1944.0,
    "maxResTime" : 76881.0,
    "pct1ResTime" : 49232.200000000004,
    "pct2ResTime" : 52935.649999999994,
    "pct3ResTime" : 75723.35000000003,
    "throughput" : 1.6464157529059238,
    "receivedKBytesPerSec" : 190.69321049013797,
    "sentKBytesPerSec" : 0.45340746320260794
  },
  "Complain & Suggestion-0" : {
    "transaction" : "Complain & Suggestion-0",
    "sampleCount" : 200,
    "errorCount" : 0,
    "errorPct" : 0.0,
    "meanResTime" : 889.52,
    "medianResTime" : 815.5,
    "minResTime" : 344.0,
    "maxResTime" : 4216.0,
    "pct1ResTime" : 1700.5000000000002,
    "pct2ResTime" : 2157.7999999999997,
    "pct3ResTime" : 3730.760000000002,
    "throughput" : 1.6762351757951641,
    "receivedKBytesPerSec" : 0.5942122742320748,
    "sentKBytesPerSec" : 0.22753582952688262
  },
  "Refund Policy" : {
    "transaction" : "Refund Policy",
    "sampleCount" : 200,
    "errorCount" : 0,
    "errorPct" : 0.0,
    "meanResTime" : 10200.735000000006,
    "medianResTime" : 8417.5,
    "minResTime" : 902.0,
    "maxResTime" : 37887.0,
    "pct1ResTime" : 21401.4,
    "pct2ResTime" : 25568.0,
    "pct3ResTime" : 34149.82000000003,
    "throughput" : 1.7511601435951318,
    "receivedKBytesPerSec" : 191.55195199632257,
    "sentKBytesPerSec" : 0.46857214779791617
  }
}